Thomas Wiseau,tom@pysc.edu,tommyw2003
Joseph Conny,joe@pysc.edu,jc2142
Kelly Brook,kelly@pysc.edu,kb100
Rose Madson,rose@pysc.edu,rose99
jaijawa@gmail.com,d,d
jai jawa,jaijawa5@gmail.com,kb234
SHIVANI,shivanjawa@gmail.com,Bakecake123!
BOBBY,bobby@gmail.com,knd
KARISHMA,kra@gmail.com,kbdd
saurabh,ssaurabhjawa@gmail.com,Krishna7!
